epoch,train_loss,psnr,ssim,sam,lr,grad_norm,epoch_time_s,samples_per_s,peak_memory_gb
1,0.07357181250080466,27.44037208557129,0.7394375741481781,0.347672775387764,0.0004,0.27542065992057324,632.5562572479248,7.904435285730316,8.015376567840576
2,0.04728697169423103,28.844354248046876,0.7843384444713593,0.3404272377490997,0.0003999890612884197,0.22333287661075593,637.538999080658,7.842657480107232,8.007707595825195
3,0.0406965138964355,29.84534969329834,0.8374571919441223,0.27177722901105883,0.00039995624635323174,0.1890690404444933,628.5531551837921,7.954776710233799,8.007707595825195
4,0.036193620746210214,31.20104637145996,0.8708127439022064,0.23675579130649566,0.0003999015587929635,0.17228375692516565,628.7483546733856,7.952307092075554,8.007707595825195
5,0.03316711530201137,31.09107551574707,0.8627358198165893,0.24206430166959764,0.0003998250046047223,0.1672799190878868,630.3457596302032,7.932154573282582,8.007707595825195
6,0.031208653059974313,31.835434341430663,0.8671270847320557,0.32311437129974363,0.0003997265921835375,0.1610547513782978,629.9385662078857,7.937281932266951,8.007707595825195
7,0.02954031198360026,32.12788028717041,0.8840989828109741,0.2535682633519173,0.0003996063323214402,0.14936994555592537,629.8866021633148,7.937936737863202,8.007707595825195
8,0.02824933511801064,32.25855712890625,0.8892304062843323,0.25424489825963975,0.0003994642382062794,0.1479805225998163,628.3370773792267,7.957512265319175,8.007707595825195
9,0.02768600271679461,32.91497917175293,0.9063346922397614,0.2253362312912941,0.0003993003254202762,0.14442226781398057,630.0636503696442,7.935706173601052,8.007707595825195
10,0.026354114661552012,33.2029146194458,0.9039601564407349,0.23006238043308258,0.00039911461193831453,0.15778260739892722,632.9582259654999,7.899415466752352,8.007707595825195
11,0.025688371002301574,33.40530853271484,0.9143393218517304,0.22410004138946532,0.0003989071181259706,0.1371622913867235,629.6063697338104,7.941469845856128,8.007707595825195
12,0.02481920082140714,33.524746322631835,0.9173147976398468,0.20031983852386476,0.0003986778667372792,0.13139577438086272,632.5074329376221,7.905045442356249,8.007707595825195
13,0.02454568635225296,33.634850311279294,0.9199519574642181,0.2082025870680809,0.00039842688291223845,0.1271505827188492,631.521235704422,7.9173901324518665,8.007707595825195
14,0.024227529758960007,33.97544212341309,0.924499922990799,0.1890982374548912,0.0003981541941740531,0.12990337322950363,634.0230383872986,7.886148763171136,8.007707595825195
15,0.024047585141472518,33.699960708618164,0.9158265650272369,0.24108907729387283,0.0003978598304261163,0.12781224241703748,631.396151304245,7.918958627910129,8.007707595825195
16,0.023194141894578933,33.73706207275391,0.9222381234169006,0.19503655582666396,0.00039754382394873014,0.12434284829944373,634.4403619766235,7.880961394735836,8.007707595825195
17,0.02298757030721754,33.87892227172851,0.9197372376918793,0.2293864443898201,0.0003972062093955659,0.12018741447627544,634.0608513355255,7.88567846361824,8.007707595825195
18,0.022717164547741413,34.22498722076416,0.9290932953357697,0.1967904582619667,0.00039684702378986383,0.1199247909322381,632.8003935813904,7.901385730343898,8.007707595825195
19,0.022373966722562907,34.06948699951172,0.9231307446956635,0.20777717977762222,0.00039646630652037353,0.11963343337625265,630.7979073524475,7.926468908220927,8.007707595825195
20,0.022428556752204894,34.03454418182373,0.9012533664703369,0.2931793987751007,0.0003960640993370336,0.12034664326161146,632.0924172401428,7.910235692798089,8.007707595825195
21,0.02171370678823441,34.51139507293701,0.9358289003372192,0.16614846289157867,0.0003956404463463943,0.11672860279381275,633.3154034614563,7.894960350990896,8.007707595825195
22,0.021356176338903608,33.67819747924805,0.9129700362682343,0.18390268534421922,0.00039519539400678015,0.1165107755035162,630.7230463027954,7.927409707492465,8.007707595825195
23,0.02133419414330274,34.3510440826416,0.9265291273593903,0.22424819469451904,0.0003947289911231955,0.11538768043965102,631.5642476081848,7.916850928366582,8.007707595825195
24,0.021170996590703726,34.449386787414554,0.9230077505111695,0.17831448540091516,0.00039424128884197246,0.11087974387407303,631.4940731525421,7.91773068437368,8.007707595825195
25,0.021103017975576222,34.672865295410155,0.9330192923545837,0.20180821642279625,0.00039373234064516197,0.11601309130936861,631.8717980384827,7.912997566154213,8.007707595825195
26,0.02063147303313017,34.623118019104005,0.934673523902893,0.19227031245827675,0.00039320220234466917,0.10881395676881075,633.2455642223358,7.895831068537061,8.007707595825195
27,0.020623549298010767,34.59474258422851,0.9344618380069732,0.18988377302885057,0.0003926509320761329,0.11102666517347097,634.0221848487854,7.886159379726598,8.007707595825195
28,0.02073590885940939,34.77943801879883,0.9314117431640625,0.1403067097067833,0.0003920785902925502,0.11424957860559225,631.5853703022003,7.916586157794638,8.007707595825195
29,0.02048046800494194,34.62871398925781,0.9327793478965759,0.20303957313299179,0.00039148523975764745,0.10691930711567402,628.98903632164,7.949264154491874,8.007707595825195
30,0.020233057155832648,34.857162666320804,0.9389544606208802,0.16919158026576042,0.0003908709455389973,0.11202824908643962,630.4491567611694,7.93085365628323,8.007707595825195
31,0.019897112735919653,34.65791816711426,0.9402478337287903,0.1718134805560112,0.0003902357750008832,0.10700437472462654,629.0491106510162,7.948504998004678,8.007707595825195
32,0.019649248686805367,34.942457580566405,0.9413345873355865,0.1549840323626995,0.0003895797977969124,0.10336107728630305,630.224511384964,7.933680632338685,8.007707595825195
33,0.019930917424149812,35.15177536010742,0.943409901857376,0.16204270347952843,0.0003889030858623775,0.10794688872098923,628.9362456798553,7.949931387075961,8.007707595825195
34,0.019572348473966123,34.768882751464844,0.9388293147087097,0.17414597421884537,0.00038820571340636797,0.10451316940188408,629.7031769752502,7.940248966214949,8.007707595825195
35,0.019478494086675346,34.92128963470459,0.9383022844791412,0.1832715354859829,0.0003874877569036323,0.10501978731751442,629.8675606250763,7.938176709780122,8.007707595825195
36,0.019236591992154717,34.91020889282227,0.9397001981735229,0.1510704793035984,0.0003867492950861917,0.10376448443830014,630.7103972434998,7.927568693733836,8.007707595825195
37,0.019246579806506632,35.00481414794922,0.9408308386802673,0.1597158581018448,0.0003859904089347061,0.10523956071436405,632.9277749061584,7.899795518914191,8.007707595825195
38,0.0192186645289883,35.131592178344725,0.9441779017448425,0.15846277847886087,0.0003852111816695939,0.1032155372440815,631.174807548523,7.921735690655895,8.007707595825195
39,0.019081661480665205,34.734197998046874,0.9345375120639801,0.1974598251283169,0.00038441169874190584,0.10365549591481686,630.2003598213196,7.9339846797574785,8.007707595825195
40,0.018902960216626526,35.261714172363284,0.9431127488613129,0.17323605343699455,0.0003835920478239542,0.1010638471186161,628.3482296466827,7.957371031046712,8.007707595825195
41,0.01896810021456331,35.13005180358887,0.9425347328186036,0.15495433807373046,0.0003827523187996988,0.10562058240175247,630.6289503574371,7.928592553776713,8.007707595825195
42,0.018957932816632092,35.24303512573242,0.9445235848426818,0.15948504880070685,0.00038189260375489015,0.10206115168631077,632.3819901943207,7.906613530318252,8.007707595825195
43,0.018799756588600575,35.18746757507324,0.9444319307804108,0.15774428471922874,0.00038101299696697086,0.1040827402189374,631.9995143413544,7.911398484555495,8.007707595825195
44,0.018502480186894536,34.974562072753905,0.9418433666229248,0.15343689918518066,0.0003801135948947376,0.10471660340875387,631.4838922023773,7.9178583361198465,8.007707595825195
45,0.018180429559201003,34.75595703125,0.9342113435268402,0.21154057532548903,0.0003791944961677628,0.10088367297053337,632.609846830368,7.903765685994343,8.007707595825195
46,0.0183897446308285,35.3837833404541,0.9453981339931488,0.14465142041444778,0.0003782558015755793,0.09747116417884827,631.0564908981323,7.923220935234973,8.007707595825195
47,0.01845473455451429,35.43472137451172,0.9440994560718536,0.1340836763381958,0.0003772976140566273,0.10263391495496034,633.6646299362183,7.890609265193288,8.007707595825195
48,0.018540179372765125,35.14220848083496,0.9439109206199646,0.16812237054109574,0.0003763200386869659,0.10288837197870015,645.9012975692749,7.741120847436809,8.007707595825195
49,0.018115327162109316,35.397352600097655,0.9449492335319519,0.1620788484811783,0.00037532318266875073,0.1007901409059763,630.0709183216095,7.935614634173341,8.007707595825195
50,0.018215052062645554,35.396871948242186,0.9474309742450714,0.15110102891921998,0.0003743071553184778,0.10357996164113283,636.1764240264893,7.859455036629601,8.007707595825195
51,0.017940303415618836,35.309519577026364,0.9477128744125366,0.14122747033834457,0.0003732720680549955,0.09988476101905107,633.1713042259216,7.896757112378472,8.007707595825195
52,0.018091067743115127,35.28416366577149,0.9436750471591949,0.1849127858877182,0.00037221803438728675,0.10260475541502237,650.5294437408447,7.686047185270648,8.007707595825195
53,0.017969920897111295,35.20980529785156,0.9423924386501312,0.192796977609396,0.0003711451699020211,0.10078883603215218,632.6731662750244,7.90297465820842,8.007707595825195
54,0.01784533458203077,35.40501861572265,0.945274144411087,0.1420542851090431,0.0003700535922508794,0.09934204009026289,632.2185943126678,7.908656981903347,8.007707595825195
55,0.01796687477119267,35.440599060058595,0.9466593384742736,0.15807069540023805,0.00036894342113765204,0.10118906022906303,632.57665848732,7.90418035966818,8.007707595825195
56,0.017803834854438903,34.95378379821777,0.9266039907932282,0.23925373554229737,0.00036781477830511214,0.10140808669179678,633.3631641864777,7.894365006879177,8.007707595825195
57,0.017312589953839778,35.489933013916016,0.9411185622215271,0.17847107574343682,0.0003666677875216649,0.09722789033353328,631.5893516540527,7.9165362539847,8.007707595825195
58,0.017663428904488684,35.335870361328126,0.9443735957145691,0.15683022439479827,0.0003655025745677751,0.10163991203308105,630.7776982784271,7.926722859172782,8.007707595825195
59,0.01763626476638019,35.69645309448242,0.9495324969291687,0.13785573989152908,0.000364319267222174,0.10061029198914766,633.2240591049194,7.896099221289294,8.007707595825195
60,0.017312125626765193,35.531690216064455,0.947001165151596,0.15887412950396537,0.0003631179952478466,0.09422330161631107,627.762713432312,7.964792895491269,8.007707595825195
61,0.017465158701036126,35.56708297729492,0.9499500930309296,0.14066116139292717,0.00036189889037780207,0.10048889961093664,628.4655845165253,7.955885132272548,8.007707595825195
62,0.017390688811801374,35.54055519104004,0.9471734762191772,0.13551657870411873,0.0003606620863006274,0.09919480567276477,631.2309975624084,7.921030524971425,8.007707595825195
63,0.017178171867877245,35.58728103637695,0.9494896471500397,0.144194333255291,0.00035940771864582716,0.09520040836930276,629.1860897541046,7.946774541621025,8.007707595825195
64,0.01731365640051663,35.54036903381348,0.9480759084224701,0.14242714568972586,0.00035813592496895016,0.09787628205269575,631.6531953811646,7.915736097848444,8.007707595825195
65,0.01714618772882968,35.48699264526367,0.9468776524066925,0.16883556246757508,0.000356846844736505,0.09772527071237565,628.179637670517,7.9595066445348905,8.007707595825195
66,0.017120455279015005,35.651262283325195,0.9496863663196564,0.1563979096710682,0.00035554061931066563,0.09761171614527703,631.5860168933868,7.916578053126866,8.007707595825195
67,0.017180360125005244,35.65181007385254,0.9506147265434265,0.1529476024210453,0.0003542173919337699,0.09595230186581612,633.6549637317657,7.8907296339219775,8.007707595825195
68,0.016942515641264616,35.291923141479494,0.9397025227546691,0.2076839253306389,0.00035287730771261106,0.09435537359565496,633.7532920837402,7.889505368185655,8.007707595825195
69,0.016934355370141565,35.726565551757815,0.949949961900711,0.1394908033311367,0.00035152051360252533,0.09785106277316809,631.366161108017,7.919334782252572,8.007707595825195
70,0.01685498225800693,35.19732437133789,0.9422435700893402,0.15963203832507133,0.0003501471583912766,0.0962034915715456,632.7247545719147,7.902330300610527,8.007707595825195
71,0.016703124783560633,35.731166458129884,0.9499880015850067,0.15553236454725267,0.00034875739268274005,0.09710079624205828,631.6992628574371,7.915158832674478,8.007707595825195
72,0.016783511303737758,35.340858459472656,0.9466856598854065,0.1650023102760315,0.0003473513688803869,0.0919638601705432,632.764972448349,7.901828036804198,8.007707595825195
73,0.016819771548733115,34.98957290649414,0.9459277868270874,0.177919802069664,0.0003459292411705715,0.09658667245656252,634.2695534229279,7.883083734694142,8.007707595825195
74,0.01671772241201252,35.46344909667969,0.9480318009853363,0.15948012843728065,0.00034449116550562314,0.09296028412282467,632.4562768936157,7.9056848396826656,8.007707595825195
75,0.016682729841396213,35.77537879943848,0.9510120034217835,0.14427838549017907,0.00034303729958674417,0.0934542207583785,632.5141315460205,7.904961724378817,8.007707595825195
76,0.01661441483814269,35.19015235900879,0.9454565167427063,0.1601259045302868,0.0003415678028467161,0.09546852317005396,630.8878231048584,7.925339207520196,8.007707595825195
77,0.016591975485347212,35.667854690551756,0.9504392445087433,0.14757016748189927,0.00034008283643241634,0.09687922796458005,631.3025982379913,7.92013214258161,8.007707595825195
78,0.016519750301912425,35.7145751953125,0.9504540205001831,0.1486967459321022,0.00033858256318714604,0.09551326767653227,631.6633236408234,7.915609174806391,8.007707595825195
79,0.01638470717985183,35.88200492858887,0.9505883455276489,0.15813475474715233,0.0003370671476327733,0.09136076416671277,631.3472735881805,7.919571698762786,8.007707595825195
80,0.016436721426434816,35.714447784423825,0.950464004278183,0.1550889052450657,0.00033553675595169067,0.09336250667870044,632.7831921577454,7.901600519682512,8.007707595825195
81,0.016339370024204256,35.68853530883789,0.9494951367378235,0.1513399824500084,0.0003339915559685921,0.09457569411098957,630.7175962924957,7.927478207982716,8.007707595825195
82,0.01654083767645061,35.701090240478514,0.9510229587554931,0.14592285081744194,0.0003324317171320684,0.09479376023560762,635.8923649787903,7.862965928466166,8.007707595825195
83,0.01636497282423079,35.782317352294925,0.9508099555969238,0.14860372617840767,0.00033085741049602594,0.09429393198341131,633.0115323066711,7.898750251484646,8.007707595825195
84,0.01614314922988415,35.782891845703126,0.9514022767543793,0.1484954446554184,0.000329268808700928,0.09278681937307119,629.8379626274109,7.938549748799148,8.007707595825195
85,0.01618602334819734,35.69484748840332,0.9479347348213196,0.16608188301324844,0.00032766608595486346,0.0902086640715599,629.3591237068176,7.944589681247258,8.007707595825195
86,0.016162703657336533,35.80075187683106,0.9502519130706787,0.14069402143359183,0.0003260494180144424,0.0938215907678008,631.8015475273132,7.913877418579521,8.007707595825195
87,0.016293776458874344,35.80499038696289,0.949658852815628,0.13379134312272073,0.0003244189821655228,0.093467851921916,633.800981760025,7.888911730801233,8.007707595825195
88,0.016119522403087467,35.803796005249026,0.9524877965450287,0.1363996036350727,0.0003227749572037687,0.09781841232478619,632.1064193248749,7.9100604694701255,8.007707595825195
89,0.016090984967723487,35.694318008422854,0.9453012228012085,0.1820262238383293,0.00032111752341504367,0.0915360816538334,635.2105083465576,7.871406304368164,8.007707595825195
90,0.016165289004705846,35.83700675964356,0.9530585765838623,0.12966314405202867,0.0003194468625556402,0.09426342900395393,634.7718644142151,7.876845651648624,8.007707595825195
91,0.015826281338743864,35.94476737976074,0.9538437724113464,0.13625344932079314,0.00031776315783234825,0.0926000088199973,633.3626103401184,7.894371910136878,8.007707595825195
92,0.01572257355079055,35.736322021484376,0.9526345431804657,0.14005490988492966,0.0003160665938823643,0.09195603955537081,631.8799450397491,7.912895541708432,8.007707595825195
93,0.015857259559631347,35.88419532775879,0.9539823710918427,0.13293865770101548,0.000314357356753044,0.09266790182217956,630.0890305042267,7.935386521486918,8.007707595825195
94,0.01602666817717254,35.85746841430664,0.9529284417629242,0.12152709141373634,0.00031263563388149993,0.09178391014039516,633.2464573383331,7.895819932441537,8.007707595825195
95,0.015895303749479353,35.92133331298828,0.9533784449100494,0.13652145564556123,0.00031090161407404697,0.09405595936328173,630.7090771198273,7.927585286758223,8.007707595825195
96,0.015931641615089028,35.65670585632324,0.9485792815685272,0.14939241036772727,0.0003091554874854977,0.09208308072388172,627.9935209751129,7.961865581409633,8.007707595825195
97,0.015720101030357182,35.90255508422852,0.9517305016517639,0.13955355435609818,0.0003073974455983096,0.09151881912499667,629.8087413311005,7.938918074449876,8.007707595825195
98,0.01579148363210261,35.879185104370116,0.9531827986240387,0.1415252462029457,0.000305627681201587,0.08927946297973395,633.09885430336,7.897660793434584,8.007707595825195
99,0.015880269563756884,35.948031997680665,0.9525708556175232,0.1390817567706108,0.00030384638836993927,0.09082019633427263,633.5046994686127,7.892601276981889,8.007707595825195
100,0.015624437867850066,35.961005783081056,0.9535311996936798,0.1399817109107971,0.0003020537624421989,0.09053144874572754,633.2898604869843,7.895278784591819,8.007707595825195
101,0.01585912054758519,36.007975006103514,0.9544145882129669,0.1276143364608288,0.0003002499999999998,0.08825149484276772,631.8923780918121,7.912739848356763,8.007707595825195
102,0.015613945898227394,36.068955993652345,0.9541805624961853,0.1347515530884266,0.0002984352988462204,0.0920769417271018,632.4006872177124,7.906379770075555,8.007707595825195
103,0.015398478271998466,35.92713661193848,0.9537512183189392,0.1339176319539547,0.000296609857983292,0.09097721230089664,632.476888179779,7.905427207608525,8.007707595825195
104,0.015481693274155259,35.843454360961914,0.9547583580017089,0.1360691197216511,0.0002947738775913761,0.08872740843445062,630.3033344745636,7.9326884795367985,8.007707595825195
105,0.015582946896739305,35.815752792358396,0.9513194739818573,0.15262892618775367,0.00029292755900641224,0.09241700887531042,632.1158082485199,7.909942979996194,8.007707595825195
106,0.01533921690378338,35.96365242004394,0.9547159373760223,0.13232459500432014,0.00029107110469803936,0.08969495004862547,630.733033657074,7.927284180771911,8.007707595825195
107,0.015486334872990847,35.999983596801755,0.952935642004013,0.1492129571735859,0.0002892047182473928,0.09008584329038859,630.1892347335815,7.934124742885837,8.007707595825195
108,0.015325113841332495,35.902457046508786,0.9527317523956299,0.14021149426698684,0.0002873286043247791,0.09162989910542965,631.9983930587769,7.9114125208463815,8.007707595825195
109,0.015428513382095844,35.64011497497559,0.9438137233257293,0.20219189301133156,0.0002854429686672318,0.08940878421068192,641.4947938919067,7.7942955229072535,8.007707595825195
110,0.015470003799535333,35.64917755126953,0.9508884906768799,0.14867213517427444,0.00028354801805594986,0.08930348727107049,631.1070790290833,7.922585827578057,8.007707595825195
111,0.015511469399556518,35.92799530029297,0.9515870332717895,0.15013366267085076,0.00028164396029362195,0.0921078817769885,632.4430675506592,7.905849959529355,8.007707595825195
112,0.01524605619981885,35.996900177001955,0.9502858459949494,0.1427006393671036,0.00027973100418163856,0.08857192662209272,631.6089663505554,7.916290404947959,8.007707595825195
113,0.015180987546592951,35.98305435180664,0.9541393876075744,0.13610950037837027,0.0002778093594971944,0.08886770642250777,627.6838321685791,7.965793834015998,8.007707595825195
114,0.015131447422131896,35.97651405334473,0.9548008441925049,0.12736534774303437,0.0002758792369702841,0.0869306447789073,627.5527896881104,7.967457211822718,8.007707595825195
115,0.015298652008920909,35.65106430053711,0.9494168937206269,0.13926964178681372,0.0002739408482605932,0.09204385582432151,631.5766990184784,7.916694849208983,8.007707595825195
116,0.015338900962471962,36.03141326904297,0.953432685136795,0.13663190603256226,0.0002719944059342873,0.09114567909538746,631.8486261367798,7.913287760979672,8.007707595825195
117,0.015119636079948396,35.84402694702148,0.9517590522766113,0.1563689485192299,0.0002700401234407021,0.08876257335245609,632.606413602829,7.903808580636939,8.007707595825195
118,0.015077582479454578,36.0861255645752,0.9537638306617737,0.14322703331708908,0.00026807821508893564,0.08747933312654495,631.2508826255798,7.920781004223483,8.007707595825195
119,0.015224983068741859,35.999224472045896,0.9534373700618743,0.13612967506051063,0.0002661088960243473,0.08711088461279869,631.4886772632599,7.917798339107134,8.007707595825195
120,0.015183739698678256,36.14024696350098,0.9552179396152496,0.13145193308591843,0.00026413238220496493,0.08743045500814915,630.1699569225311,7.934367459245072,8.007707595825195
121,0.015167977617681027,36.06928596496582,0.9555865585803985,0.13151870667934418,0.000262148890377802,0.09068035919368267,630.7248058319092,7.927387592446334,8.007707595825195
122,0.015004513259790837,36.15434455871582,0.9561591267585754,0.12864876985549928,0.0002601586380550893,0.08864567920714617,632.311722278595,7.90749218120143,8.007707595825195
123,0.015259417696297168,36.104974365234376,0.9542036175727844,0.12855003848671914,0.0002581618434904221,0.08969019528478384,631.9392006397247,7.912153566258272,8.007707595825195
124,0.015000854653213174,35.9979362487793,0.9518635034561157,0.12734630778431894,0.0002561587256548263,0.08787356922179461,631.1327803134918,7.922263200330738,8.007707595825195
125,0.014926332031749189,36.064670944213866,0.9549139618873597,0.13330021649599075,0.0002541495042127455,0.08539093679562211,631.4921815395355,7.9177544016623225,8.007707595825195
126,0.014921330823749303,36.2195068359375,0.9569441020488739,0.11814865544438362,0.00025213439949795294,0.09009267139881849,632.4193346500397,7.906146643613984,8.007707595825195
127,0.014903559706546367,36.172572708129884,0.956760150194168,0.12010133191943169,0.0002501136324893885,0.08402176534831524,630.3604009151459,7.931970334337453,8.007707595825195
128,0.014970984409190714,36.18345985412598,0.9567889511585236,0.11613486111164092,0.0002480874247869269,0.08603102752268314,631.5621140003204,7.916877673883812,8.007707595825195
129,0.01484577027335763,36.27509994506836,0.957939887046814,0.11577330231666565,0.00024605599858707584,0.08459909561276435,632.6509299278259,7.903252431116177,8.007707595825195
130,0.014994590806029736,36.15149841308594,0.9557761371135711,0.13358098343014718,0.00024401957665861026,0.08435341788604855,632.4885749816895,7.905281135148963,8.007707595825195
131,0.014752916997391731,36.21678161621094,0.9566653370857239,0.1257365882396698,0.00024197838231814297,0.0914371874511242,629.6601767539978,7.940791214994452,8.007707595825195
132,0.014663820020481944,36.142889404296874,0.9560044169425964,0.1221080705523491,0.0002399326394056356,0.08345347318798303,631.0316255092621,7.923533144578681,8.007707595825195
133,0.014660784487426281,35.85935554504395,0.9531608700752259,0.1477237030863762,0.0002378825722598521,0.09000095670372248,631.378664970398,7.919177947253608,8.007707595825195
134,0.014628107397817076,36.262315368652345,0.9579719305038452,0.11425746604800224,0.0002358284056937569,0.08316874954327941,631.7428300380707,7.914612975819109,8.007707595825195
135,0.01467561729606241,35.784224319458005,0.9518531799316406,0.15582017973065376,0.00023377036496986242,0.08296938549131155,632.0052547454834,7.911326626569844,8.007707595825195
136,0.014608352107089013,36.150963973999026,0.9562012076377868,0.1196307122707367,0.0002317086757755261,0.08739908432587981,632.6139445304871,7.903714490060595,8.007707595825195
137,0.014608363905362786,36.08638305664063,0.9549869775772095,0.13896243572235106,0.00022964356419820118,0.08201734943985939,631.5857167243958,7.916581815579347,8.007707595825195
138,0.014805816392600537,36.26318626403808,0.957287722826004,0.12203942686319351,0.00022757525670064375,0.08358322815448045,632.659548997879,7.903144760748347,8.007707595825195
139,0.014620597562007606,36.02993545532227,0.9529123306274414,0.15167927220463753,0.0002255039800960787,0.08479716807752848,632.6003530025482,7.903884302732691,8.007707595825195
140,0.014824852572195232,36.28482627868652,0.9547052383422852,0.12238408029079437,0.00022342996152332692,0.08622311592251063,632.3173828125,7.907421392972588,8.007707595825195
141,0.014517514034360647,36.256371307373044,0.9578294277191162,0.11758008152246475,0.00022135342842189692,0.084678146173805,632.8622796535492,7.900613072937723,8.007707595825195
142,0.014474480745755136,36.15169906616211,0.9569256246089936,0.12321493551135063,0.00021927460850704365,0.08105573938488961,633.010381937027,7.8987646058819445,8.007707595825195
143,0.01454371133595705,36.208861923217775,0.957411390542984,0.11484755352139472,0.00021719372974479694,0.08427527905553579,632.003044128418,7.911354298768282,8.007707595825195
144,0.014585847771540284,36.19487380981445,0.9576985776424408,0.11567995250225067,0.00021511102032696253,0.08136110944002867,631.0104932785034,7.923798499802752,8.007707595825195
145,0.014639541056007148,36.328335189819335,0.957524961233139,0.12574609518051147,0.00021302670864609805,0.08368902818113566,632.3373143672943,7.907172147515781,8.007707595825195
146,0.014416402357816696,36.30402717590332,0.9580755233764648,0.11825191378593444,0.00021094102327046734,0.08368212362676859,630.0211682319641,7.936241275878967,8.007707595825195
147,0.014432011238019913,36.00571823120117,0.9542461276054383,0.14205178767442703,0.00020885419291897535,0.0810209447056055,630.5967085361481,7.928997935315709,8.007707595825195
148,0.014391197849437595,36.25943222045898,0.9554840624332428,0.13204510658979415,0.00020676644643608655,0.08398687515109778,631.4431147575378,7.918369656972038,8.007707595825195
149,0.014306709678098559,36.21468238830566,0.9571679711341858,0.12498680651187896,0.0002046780127667297,0.08210192934125662,631.1003212928772,7.922670661547057,8.007707595825195
150,0.014269543325342238,36.26673583984375,0.9578598618507386,0.11939646899700165,0.000202589120931191,0.0800670005619526,630.9708297252655,7.924296598904703,8.007707595825195
151,0.014434814196266233,36.25297203063965,0.9572775542736054,0.11928572207689285,0.00020049999999999997,0.08096617592871189,630.7665951251984,7.9268623903705135,8.007707595825195
152,0.014171165892109275,36.21662635803223,0.9577459454536438,0.12204821929335594,0.00019841087906880895,0.08534172228276729,630.461642742157,7.930696589649427,8.007707595825195
153,0.01436390174832195,36.22303352355957,0.9563864171504974,0.1340515732765198,0.00019632198723327032,0.0845438124626875,630.7471432685852,7.927106849964592,8.007707595825195
154,0.014264091942459345,36.34814949035645,0.9581017971038819,0.11716517508029937,0.00019423355356391339,0.0818632880538702,629.8308246135712,7.9386397181619675,8.007707595825195
155,0.014347835202142596,36.016900634765626,0.9553100824356079,0.1169462189078331,0.00019214580708102464,0.08012307313382626,630.0953891277313,7.935306441333778,8.007707595825195
156,0.0142961720822379,36.278768157958986,0.9573257863521576,0.12376275062561035,0.00019005897672953268,0.08155863589942455,630.587301492691,7.92911621937879,8.007707595825195
157,0.014034357608109713,36.091243743896484,0.956688642501831,0.12121351957321166,0.000187973291353902,0.07891447090879082,629.3565962314606,7.944621586457693,8.007707595825195
158,0.014168579824827611,36.207238006591794,0.9535304248332978,0.14828115180134774,0.00018588897967303748,0.08171278550028802,629.6670324802399,7.94070475677462,8.007707595825195
159,0.014228983585629611,36.03782768249512,0.9558403253555298,0.1389343649148941,0.00018380627025520302,0.08213682342022657,630.8366274833679,7.925982389365661,8.007707595825195
160,0.014265709171444178,36.32964553833008,0.9579227089881897,0.12438601851463318,0.00018172539149295634,0.07771056883484125,630.2976071834564,7.932760561067281,8.007707595825195
161,0.014052365691494196,36.375589752197264,0.9577668607234955,0.12327524721622467,0.00017964657157810312,0.0790367143124342,630.5553755760193,7.92951768182524,8.007707595825195
162,0.014178949476592243,36.36144104003906,0.9592399537563324,0.1078222319483757,0.0001775700384766731,0.08049925272911787,631.0935945510864,7.92275510822865,8.007707595825195
163,0.013995234437659383,36.363182067871094,0.958219313621521,0.11070112511515617,0.00017549601990392126,0.08074211372360587,629.55135846138,7.942163785048407,8.007707595825195
164,0.014054745073616504,36.326890563964845,0.9579237937927246,0.12271540462970734,0.00017342474329935624,0.07947985413521529,630.3005328178406,7.932723739970279,8.007707595825195
165,0.014032303626090288,36.33012237548828,0.9588419258594513,0.10974726378917694,0.0001713564358017989,0.08185642079263926,629.7883479595184,7.9391751470152485,8.007707595825195
166,0.014092646568547935,36.33956413269043,0.9583289444446563,0.11023608967661858,0.00016929132422447395,0.07889480686336756,630.0022060871124,7.9364801451324345,8.007707595825195
167,0.013930697307083757,36.319270324707034,0.9589330732822419,0.10824168995022773,0.00016722963503013752,0.07858244545981288,629.9587185382843,7.937028019235417,8.007707595825195
168,0.013987219647318125,36.33986396789551,0.9577746272087098,0.11735377684235573,0.00016517159430624311,0.07982712629437447,628.6153340339661,7.953989871538568,8.007707595825195
169,0.013981646591611207,36.2716796875,0.9582314014434814,0.11317149996757507,0.0001631174277401479,0.07822976808175444,629.5573167800903,7.942088618035301,8.007707595825195
170,0.013976929373852908,36.38404159545898,0.9583368837833405,0.11102164760231972,0.0001610673605943643,0.08066080231070519,630.3439197540283,7.932177726012002,8.007707595825195
171,0.01374666658360511,36.37125854492187,0.9589333236217499,0.11212600171566009,0.00015902161768185696,0.07730955913811922,628.272317647934,7.9583324930159645,8.007707595825195
172,0.01408061894401908,36.364372634887694,0.9577359199523926,0.1264035753905773,0.00015698042334138973,0.07942071521133184,629.5036413669586,7.942765810127115,8.007707595825195
173,0.013756190110743046,36.39337921142578,0.9592609107494354,0.11397049203515053,0.00015494400141292418,0.07746813638284802,629.7772743701935,7.939314744248643,8.007707595825195
174,0.013707060614600778,36.431603240966794,0.959026324748993,0.11229387447237968,0.0001529125752130731,0.07750765479579567,628.8694760799408,7.95077546324479,8.007707595825195
175,0.01380018404982984,36.266580963134764,0.9583081662654876,0.11690875738859177,0.00015088636751061147,0.08115779357552529,630.380907535553,7.931712303196625,8.007707595825195
176,0.01383404309991747,36.24057502746582,0.9568116128444671,0.1232982337474823,0.0001488656005020471,0.07361632027849555,630.1934747695923,7.934071360907174,8.007707595825195
177,0.013814502905122936,36.28877639770508,0.9581011533737183,0.11785530000925064,0.0001468504957872545,0.07563602201789618,630.8228027820587,7.9261560900287185,8.007707595825195
178,0.013663181684352458,36.41395034790039,0.9587832570075989,0.11647595167160034,0.00014484127434517369,0.07616931712552905,629.4586579799652,7.943333428832022,8.007707595825195
179,0.013879511744342744,36.365840911865234,0.95834321975708,0.1155666895210743,0.00014283815650957782,0.07673590720966458,630.1504366397858,7.934613243564505,8.007707595825195
180,0.013808959108218551,36.36592330932617,0.957528805732727,0.1205901987850666,0.00014084136194491065,0.07689449638351797,631.0104875564575,7.923798571656294,8.007707595825195
181,0.01363310508877039,36.311058807373044,0.9572373151779174,0.10964966416358948,0.00013885110962219793,0.07476592839360237,631.584552526474,7.916596408190993,8.007707595825195
182,0.013716062356159091,36.47231597900391,0.9591296017169952,0.11024031937122344,0.00013686761779503498,0.07712074493095279,631.5306878089905,7.917271633064765,8.007707595825195
183,0.01368545481096953,36.342712783813475,0.9592426061630249,0.11197226792573929,0.00013489110397565257,0.07442254204154014,630.8849442005157,7.925375373058257,8.007707595825195
184,0.013813781760446727,36.35025978088379,0.9595822274684906,0.10618709474802017,0.0001329217849110643,0.0743831134557724,630.641676902771,7.928432552311118,8.007707595825195
185,0.013622102768532932,36.336412811279295,0.9581098794937134,0.11418289095163345,0.00013095987655929782,0.0763487319149077,630.6787233352661,7.927966831603452,8.007707595825195
186,0.013608823785558343,36.44934921264648,0.9598094999790192,0.10932574644684792,0.00012900559406571257,0.07504540133178234,629.8428382873535,7.9384882958990595,8.007707595825195
187,0.01348355631614104,36.44932670593262,0.9595106899738312,0.11294431611895561,0.00012705915173940674,0.0740123390249908,630.0904521942139,7.935368616661472,8.007707595825195
188,0.013622170896083117,36.40676422119141,0.9597168982028961,0.11252737939357757,0.00012512076302971574,0.07504131707921624,629.2719531059265,7.945690214415675,8.007707595825195
189,0.013516007766965777,36.415631484985354,0.9594436049461365,0.10942350253462792,0.0001231906405028054,0.0724864780895412,631.119859457016,7.922425392066969,8.007707595825195
190,0.013575690040551126,36.37322235107422,0.9596824228763581,0.10497107654809952,0.00012126899581836118,0.07270577255189418,631.6759338378906,7.915451154868864,8.007707595825195
191,0.01364617330590263,36.320563888549806,0.9563960552215576,0.11949808597564697,0.0001193560397063778,0.07402413939833641,629.6191987991333,7.941308031166223,8.007707595825195
192,0.013503186200000347,36.33536376953125,0.9582771778106689,0.10683836564421653,0.00011745198194404994,0.07242703214138746,630.439124584198,7.930979859947171,8.007707595825195
193,0.013612028036173432,36.24297904968262,0.9576217353343963,0.11416337043046951,0.00011555703133276794,0.07426964706853031,629.3207058906555,7.9450746705110795,8.007707595825195
194,0.013443743919860572,36.421888732910155,0.9594028294086456,0.11272644102573395,0.00011367139567522062,0.07265313844904303,630.089593410492,7.9353794322113025,8.007707595825195
195,0.013496737358998508,36.42077484130859,0.9592080354690552,0.11241327077150345,0.00011179528175260695,0.07192640858963131,629.0375747680664,7.948650765168614,8.007707595825195
196,0.013422615745291114,36.45695037841797,0.9594851195812225,0.10998155176639557,0.00010992889530196036,0.07383759163841605,627.4876129627228,7.968284786359656,8.007707595825195
197,0.013473990594781935,36.35412330627442,0.9596870005130768,0.10138883888721466,0.00010807244099358757,0.07213398779183626,629.3048079013824,7.945275385189086,8.007707595825195
198,0.01346470441352576,36.40063056945801,0.9587957322597503,0.11879323199391364,0.00010622612240862369,0.07199832993596793,627.9064083099365,7.962970171713847,8.007707595825195
199,0.013418082473333925,36.47237930297852,0.9601091861724853,0.10283840373158455,0.00010439014201670771,0.0731587842002511,631.3324835300446,7.9197572284621,8.007707595825195
200,0.013207845082879066,36.39141693115234,0.9592389583587646,0.11385781317949295,0.00010256470115377935,0.07048922312557697,629.2656269073486,7.945770094854055,8.007707595825195
201,0.013398563035577536,36.405278015136716,0.9592727541923523,0.11630098894238472,0.0001007499999999999,0.07150023575425148,630.5803203582764,7.929204002369046,8.007707595825195
202,0.013365579813253134,36.451393127441406,0.9588524401187897,0.11071408241987228,9.894623755780088e-05,0.07016044694408774,629.2626564502716,7.9458076031485145,8.007707595825195
203,0.01336776396567002,36.460052490234375,0.9597878754138947,0.10872162207961082,9.71536116300605e-05,0.07138215343430639,627.9861853122711,7.961958585941998,8.007707595825195
204,0.013372908550873398,36.52291297912598,0.9600527703762054,0.10982080772519112,9.537231879841278e-05,0.06950965625569225,628.1220715045929,7.960236117834683,8.007707595825195
205,0.01334864929523319,36.39297943115234,0.9570464730262757,0.12161532118916511,9.360255440169017e-05,0.07190085442438722,627.2035179138184,7.971894061804403,8.007707595825195
206,0.013201886792387813,36.43442306518555,0.9595962226390838,0.10966167971491814,9.184451251450212e-05,0.06741959588453174,628.6126937866211,7.954023279232762,8.007707595825195
207,0.01312441429886967,36.39042434692383,0.9596109032630921,0.11254830062389373,9.009838592595283e-05,0.07085550189465284,626.9451382160187,7.975179477789031,8.007707595825195
208,0.013195057842507959,36.43035659790039,0.9593769967556,0.11672893464565277,8.836436611849995e-05,0.06851769897043705,629.7087669372559,7.940178480154779,8.007707595825195
209,0.013173475257121026,36.4779972076416,0.9596232593059539,0.10477197766304017,8.664264324695585e-05,0.06971757661476731,631.2946486473083,7.920231877006453,8.007707595825195
210,0.013127073102816939,36.49479370117187,0.9597662389278412,0.11120838671922684,8.49334061176355e-05,0.06748929421454668,629.1386876106262,7.947373287421324,8.007707595825195
211,0.013101322510745377,36.484048461914064,0.9600968539714814,0.11122467890381812,8.323684216765159e-05,0.07017359206229448,630.0059959888458,7.936432401968004,8.007707595825195
212,0.013315725688450039,36.39493064880371,0.960113799571991,0.10492820143699647,8.155313744435957e-05,0.06737476844117045,630.1330273151398,7.934832461177152,8.007707595825195
213,0.013216719754040242,36.453120422363284,0.9599297106266022,0.10558531060814857,7.988247658495618e-05,0.06904125003442169,630.2207911014557,7.93372746599069,8.007707595825195
214,0.013235315684787929,36.449755096435545,0.9599166572093963,0.10401233211159706,7.82250427962312e-05,0.06794365135878325,628.9865591526031,7.949295461474102,8.007707595825195
215,0.013223163472209126,36.50321922302246,0.9604480266571045,0.10205996185541152,7.658101783447706e-05,0.06876358053311706,629.0029373168945,7.949088475370628,8.007707595825195
216,0.013065215358138085,36.55536804199219,0.9598233878612519,0.11237843334674835,7.495058198555744e-05,0.06600256431475282,628.1388833522797,7.960023065784077,8.007707595825195
217,0.013009131302312016,36.451405715942386,0.9599457740783691,0.10296094566583633,7.333391404513637e-05,0.0694651258841157,629.2309594154358,7.946207867211538,8.007707595825195
218,0.013032039216626436,36.509051132202146,0.9604048132896423,0.10307399779558182,7.173119129907187e-05,0.0647446453511715,629.8120114803314,7.938876853504002,8.007707595825195
219,0.013157495479192585,36.483880615234376,0.9596952199935913,0.11201051473617554,7.0142589503974e-05,0.06722019582614303,629.3490424156189,7.944716942459452,8.007707595825195
220,0.013100646614376455,36.50331535339355,0.9608687698841095,0.10226463600993156,6.85682828679314e-05,0.06574426223859191,630.3301250934601,7.932351320284179,8.007707595825195
221,0.013189542854763567,36.51729621887207,0.9602100312709808,0.10897675603628158,6.700844403140777e-05,0.06699478756189346,629.4792392253876,7.943073716224229,8.007707595825195
222,0.013180420321039856,36.47315521240235,0.9604896605014801,0.10068994015455246,6.54632440483092e-05,0.0652015902467072,629.5487384796143,7.9421968378098935,8.007707595825195
223,0.01317873767092824,36.496632766723636,0.9603421509265899,0.10458206161856651,6.393285236722659e-05,0.06407714905962349,628.4558532238007,7.956008324771605,8.007707595825195
224,0.013087451469898224,36.427421188354494,0.959782338142395,0.1109140507876873,6.241743681285385e-05,0.06561741336137056,626.671847820282,7.978657438324737,8.007707595825195
225,0.012919159992225468,36.49228057861328,0.9606492757797241,0.10159167721867561,6.091716356758356e-05,0.06424166424497962,626.7680497169495,7.9774328035036515,8.007707595825195
226,0.013022445646673441,36.48630981445312,0.9603350162506104,0.10269695818424225,5.9432197153283766e-05,0.06488730239123106,628.1370520591736,7.960046272718483,8.007707595825195
227,0.013143981389887632,36.48940162658691,0.9604662537574769,0.10310134142637253,5.796270041325576e-05,0.06400699454396963,628.5269966125488,7.955107778898184,8.007707595825195
228,0.012946748060546815,36.4394115447998,0.9601596713066101,0.1028944879770279,5.650883449437673e-05,0.06600339705869555,628.0343165397644,7.9613483982024125,8.007707595825195
229,0.013062359834183008,36.50565032958984,0.9605707645416259,0.10665960758924484,5.5070758829428424e-05,0.0648289035782218,627.1716814041138,7.9722987313553215,8.007707595825195
230,0.012945300564076752,36.484689712524414,0.9605022192001342,0.10327353179454804,5.364863111961305e-05,0.06392188091278077,626.4316649436951,7.98171656991415,8.007707595825195
231,0.012892538861464709,36.50199432373047,0.9604350924491882,0.09811238050460816,5.224260731725981e-05,0.06258453773781657,626.8251540660858,7.976706052024283,8.007707595825195
232,0.012998750238679349,36.521667861938475,0.9605320513248443,0.10373673737049102,5.085284160872329e-05,0.06432774088904261,626.5742561817169,7.9799001485785865,8.007707595825195
233,0.012849088737741113,36.506615829467776,0.960393613576889,0.1012069672346115,4.9479486397474596e-05,0.06223559650853276,626.9494607448578,7.975124492586159,8.007707595825195
234,0.012969110814202578,36.48697700500488,0.9605311095714569,0.10140756964683532,4.812269228738885e-05,0.06289410423934459,627.6344709396362,7.966420315497431,8.007707595825195
235,0.012757433849573136,36.52582359313965,0.9607024610042572,0.10049433410167694,4.6782608066230045e-05,0.06140817867964506,626.987535238266,7.9746401945613075,8.007707595825195
236,0.012891415023617446,36.501275634765626,0.9607447803020477,0.10303766429424285,4.5459380689334283e-05,0.06132951715588569,628.206951379776,7.959160574422396,8.007707595825195
237,0.012853563613817096,36.47746391296387,0.9605675041675568,0.10306007862091064,4.4153155263494955e-05,0.06241060369163751,626.8990788459778,7.975765428151865,8.007707595825195
238,0.012732628898508846,36.48534317016602,0.9608209371566773,0.09986017271876335,4.286407503104979e-05,0.06109417391717434,628.1253061294556,7.960195125412617,8.007707595825195
239,0.01292420280110091,36.51869926452637,0.9608683824539185,0.104482764005661,4.159228135417283e-05,0.06201922648325563,626.9268867969513,7.97541165532975,8.007707595825195
240,0.013002553326264025,36.502140045166016,0.9607328772544861,0.1042822390794754,4.033791369937267e-05,0.061643210089206694,627.3464648723602,7.970077588653184,8.007707595825195
241,0.012842047089897096,36.50554237365723,0.9606564760208129,0.10150930881500245,3.910110962219799e-05,0.06070576154515147,627.5294802188873,7.967753161582082,8.007707595825195
242,0.01267460203077644,36.51035842895508,0.9608887135982513,0.09976040944457054,3.78820047521534e-05,0.059938348806649444,627.9308426380157,7.962660313028066,8.007707595825195
243,0.012887505808193237,36.5242202758789,0.960913461446762,0.10142320916056632,3.668073277782603e-05,0.06066283472776413,627.2164189815521,7.9717300897811185,8.007707595825195
244,0.012887254486232996,36.519365310668945,0.9607210695743561,0.1008834920823574,3.549742543222488e-05,0.060392231648415326,626.2788193225861,7.983664536840389,8.007707595825195
245,0.012764086072240026,36.55340766906738,0.9610349237918854,0.10017653480172158,3.433221247833515e-05,0.059390883508324624,627.4628014564514,7.968599873003023,8.007707595825195
246,0.012670730288885533,36.50613212585449,0.9606437861919404,0.10103881284594536,3.318522169488791e-05,0.05990440928563476,626.9134426116943,7.975582688369571,8.007707595825195
247,0.012726837594527751,36.46576042175293,0.9607761085033417,0.0995735101401806,3.205657886234798e-05,0.05962036661878228,626.4285016059875,7.981756875974509,8.007707595825195
248,0.012729477359820158,36.51637687683105,0.9609123826026916,0.10088693425059318,3.0946407749120667e-05,0.06035927023142576,628.5766289234161,7.954479644850405,8.007707595825195
249,0.012698292803671211,36.536211013793945,0.9608428776264191,0.10276326611638069,2.9854830097978923e-05,0.05872958854883909,628.7649118900299,7.9520976846024976,8.007707595825195
250,0.012625692054256796,36.520460510253905,0.9608931303024292,0.10192271620035172,2.8781965612713253e-05,0.05885050627887249,626.8440899848938,7.976465088983281,8.007707595825195
251,0.012710899266786873,36.53862991333008,0.961100035905838,0.10013048574328423,2.7727931945004512e-05,0.05811639779284596,627.4556457996368,7.968690748854353,8.007707595825195
252,0.012874437025748193,36.54588165283203,0.9613060474395752,0.0992116391658783,2.6692844681522167e-05,0.05830728487670422,627.6796174049377,7.965847322989187,8.007707595825195
253,0.012778488697577268,36.553551864624026,0.9612885236740112,0.09772043153643609,2.5676817331249206e-05,0.05897833692058921,628.0357966423035,7.9613296355585605,8.007707595825195
254,0.012579974942002446,36.50729866027832,0.9609450757503509,0.10052949041128159,2.4679961313034054e-05,0.05877174392491579,634.7569479942322,7.87703075295118,8.007707595825195
255,0.012808981487806886,36.502676773071286,0.9608223557472229,0.10045438557863236,2.3702385943372653e-05,0.058741358058154586,624.9455173015594,8.000697439337442,8.007707595825195
256,0.012749391707591713,36.56680107116699,0.9612240433692932,0.09987974613904953,2.274419842442062e-05,0.05821272794008255,623.3257396221161,8.021488095503951,8.007707595825195
257,0.01262317312611267,36.49608955383301,0.9609705030918121,0.10077837407588959,2.1805503832237163e-05,0.05781308135166764,623.7521502971649,8.016004429993426,8.007707595825195
258,0.01277777757672593,36.518059158325194,0.9609633624553681,0.10193035900592803,2.0886405105262388e-05,0.05691859913170338,623.925042629242,8.013783160441557,8.007707595825195
259,0.0127247529768385,36.55397071838379,0.9611971437931061,0.09958791360259056,1.9987003033029133e-05,0.05765929798185825,623.3963875770569,8.02057904030116,8.007707595825195
260,0.012742649178393186,36.521780776977536,0.9610334217548371,0.09994440525770187,1.9107396245109822e-05,0.056223590229451656,623.5637209415436,8.018426717401555,8.007707595825195
261,0.012808855345658957,36.508592987060545,0.9609442055225372,0.09955584034323692,1.8247681200301143e-05,0.05643586778789759,623.0296506881714,8.025300231661877,8.007707595825195
262,0.012653643287625164,36.49055938720703,0.9609911620616913,0.09666043445467949,1.7407952176045802e-05,0.05712210066244006,622.4767801761627,8.032428131030022,8.007707595825195
263,0.012805567544046789,36.53687057495117,0.9611723959445954,0.09700921922922134,1.6588301258094118e-05,0.05549764908105135,624.1615514755249,8.010746557810144,8.007707595825195
264,0.01262762522129342,36.54248046875,0.9612519264221191,0.10013217404484749,1.5788818330406044e-05,0.055389752895385024,622.2979898452759,8.034735900791143,8.007707595825195
265,0.01274298400413245,36.52408638000488,0.9611469626426696,0.09887185096740722,1.500959106529385e-05,0.05612026844099164,623.5734822750092,8.018301198053342,8.007707595825195
266,0.012726160659268498,36.53725166320801,0.9611207902431488,0.0992700845003128,1.4250704913808246e-05,0.056057106947898866,623.2639617919922,8.02228318419716,8.007707595825195
267,0.012636946523189545,36.526971435546876,0.9612560391426086,0.09814727976918221,1.351224309636765e-05,0.05531525444537401,623.0992209911346,8.024404190470236,8.007707595825195
268,0.012654597399383783,36.5353286743164,0.9609624803066253,0.10175224617123604,1.2794286593632018e-05,0.05569705469608307,623.3490381240845,8.02118828168416,8.007707595825195
269,0.012602840756904333,36.51234931945801,0.9610626816749572,0.09876830354332924,1.2096914137622538e-05,0.055003661418706176,622.2383823394775,8.035505590640543,8.007707595825195
270,0.01262668824279681,36.509420776367186,0.9610739171504974,0.09841605871915818,1.1420202203087679e-05,0.05471037431657314,623.0490167140961,8.025050783916722,8.007707595825195
271,0.01256181235332042,36.52503662109375,0.9612440645694733,0.09674859568476676,1.0764224999116868e-05,0.05499973540902138,622.7496657371521,8.02890836413613,8.007707595825195
272,0.01278859644336626,36.537466049194336,0.9611767172813416,0.09905350357294082,1.012905446100277e-05,0.054897305222600695,622.078601360321,8.037569511419177,8.007707595825195
273,0.012543746568076313,36.54897842407227,0.9613623857498169,0.09786662682890893,9.514760242352584e-06,0.053743133886158465,623.2441432476044,8.022538284830034,8.007707595825195
274,0.012627596024610102,36.562951278686526,0.9614295482635498,0.09796995967626572,8.921409707449858e-06,0.05434524459540844,622.3111042976379,8.0345665784691,8.007707595825195
275,0.012660134031623601,36.538644027709964,0.9613733410835266,0.09713896587491036,8.349067923867208e-06,0.05498161931112409,622.5220658779144,8.031843807735118,8.007707595825195
276,0.012721692937146872,36.53380165100098,0.9614010691642761,0.09683219566941262,7.797797655330872e-06,0.0549009835422039,622.7395384311676,8.029038934313078,8.007707595825195
277,0.012528125236742198,36.54142112731934,0.9612556040287018,0.0985838644206524,7.267659354838101e-06,0.05431699864044785,622.9099628925323,8.026842237009824,8.007707595825195
278,0.012617377569712698,36.568515396118165,0.9614725947380066,0.09650198966264725,6.7587111580276245e-06,0.054440746023505925,622.7080340385437,8.029445143934847,8.007707595825195
279,0.012530173183605074,36.55754928588867,0.9614298045635223,0.09773423597216606,6.271008876804521e-06,0.053679966169595715,624.074408531189,8.011865142440172,8.007707595825195
280,0.012589994789939375,36.56270141601563,0.9613525569438934,0.09731839001178741,5.804605993219909e-06,0.053612036733329295,624.5503525733948,8.005759630745576,8.007707595825195
281,0.012649765242636203,36.5544734954834,0.9612846314907074,0.09691019281744957,5.359553653605787e-06,0.053268822811543944,625.826390504837,7.989436169297106,8.007707595825195
282,0.012547992115747184,36.56531829833985,0.9614472150802612,0.09792226850986481,4.93590066296651e-06,0.053032747681438924,624.198625087738,8.01027076805431,8.007707595825195
283,0.01252156341932714,36.55904884338379,0.9614093959331512,0.09698794782161713,4.533693479626622e-06,0.05262595835998654,622.2685413360596,8.03511614015487,8.007707595825195
284,0.012626903897617012,36.56867790222168,0.9614478945732117,0.09674507528543472,4.152976210136245e-06,0.05341172476187348,622.6771504878998,8.029843388475458,8.007707595825195
285,0.012589355854131281,36.560430908203124,0.9614104211330414,0.09668341055512428,3.7937906044342562e-06,0.05245262463539839,626.5359926223755,7.980387493897083,8.007707595825195
286,0.0126900944782421,36.56032943725586,0.9614660799503326,0.09717246517539024,3.456176051270037e-06,0.05295459926053882,626.4668352603912,7.981268470376006,8.007707595825195
287,0.012639089296013116,36.55782241821289,0.9614736378192902,0.09597961083054543,3.1401695738838277e-06,0.05230415584519506,622.8011820316315,8.028244236289929,8.007707595825195
288,0.012672592630051077,36.54767074584961,0.9613775491714478,0.09727559313178062,2.8458058259470025e-06,0.05283366188630462,623.036937713623,8.025206367938067,8.007707595825195
289,0.012590392976347358,36.53909873962402,0.96136474609375,0.09693045765161515,2.573117087761686e-06,0.05251290196329355,622.2551827430725,8.035288638269947,8.007707595825195
290,0.012472790176793933,36.55564842224121,0.9613984167575836,0.09786954596638679,2.3221332627209092e-06,0.052621304488182065,623.6431696414948,8.01740521406541,8.007707595825195
291,0.012590722282975912,36.56197395324707,0.9614577829837799,0.0969534195959568,2.092881874029479e-06,0.05227178089693189,622.6147322654724,8.030648394404013,8.007707595825195
292,0.012548279168829321,36.545135498046875,0.9613218665122986,0.0978105828166008,1.885388061685541e-06,0.052512789547443386,623.5135328769684,8.019072139347776,8.007707595825195
293,0.012656742688175291,36.553002166748044,0.961428701877594,0.09654228463768959,1.6996745797238784e-06,0.052751950758695605,622.7040579319,8.029496413763226,8.007707595825195
294,0.01272104657785967,36.55552368164062,0.9614415347576142,0.09732446372509003,1.53576179372061e-06,0.05243890260308981,622.9228835105896,8.026675744871717,8.007707595825195
295,0.012653832115232945,36.55257568359375,0.9614183008670807,0.09685042798519135,1.3936676785598241e-06,0.05253568342924118,622.9399180412292,8.026456252349323,8.007707595825195
296,0.012681064940895886,36.543030166625975,0.9613701462745666,0.09694352969527245,1.2734078164625204e-06,0.05218481271341443,623.3854992389679,8.020719131426741,8.007707595825195
297,0.012530027338769286,36.54990692138672,0.961400055885315,0.09716719537973403,1.1749953952777526e-06,0.051785077442228794,623.0150995254517,8.025487670858189,8.007707595825195
298,0.01271591029483825,36.55273704528808,0.9613961398601532,0.0970960535109043,1.0984412070365459e-06,0.05278043827041984,622.631543636322,8.030431562780718,8.007707595825195
299,0.012461669577751308,36.55247535705566,0.9613791942596436,0.09711602479219436,1.0437536467683229e-06,0.05314903321713209,622.956472158432,8.026242961528116,8.007707595825195
300,0.012539042260497808,36.555938720703125,0.9614518702030181,0.09642004817724228,1.0109387115803273e-06,0.0523171529084444,622.7354989051819,8.029091016636107,8.007707595825195
